{
  "data/sentinel2/ndvi_test.tif": 0.37674006819725037,
  "/app/data/sentinel2/ndvi_test.tif": 0.37674006819725037
}